{
  "model_name": "P-CNN-LSTM-Att",
  "val_loss": 0.0030876488890498877,
  "val_mae": 0.03566177561879158,
  "val_mse": 0.0030876488890498877,
  "test_loss": 0.0029073087498545647,
  "test_mae": 0.03546682745218277,
  "test_mse": 0.0029073087498545647,
  "params": 348417,
  "epochs_trained": 33
}