{
  "loss": [
    0.004827837459743023,
    0.0039357650093734264,
    0.003751051612198353,
    0.0036269226111471653,
    0.003473678370937705,
    0.0034015129785984755,
    0.003315419191494584,
    0.003251787507906556,
    0.00321745197288692,
    0.0030404115095734596,
    0.0029958111699670553,
    0.002943514846265316,
    0.002905450062826276,
    0.0028616490308195353,
    0.002842905931174755,
    0.00275400816462934,
    0.0027244819793850183,
    0.002695020753890276,
    0.0026682785246521235,
    0.002658231882378459,
    0.0026193566154688597,
    0.0026223137974739075,
    0.0025935936719179153,
    0.0025393615942448378,
    0.002530402736738324,
    0.0024990334641188383,
    0.002484897617250681,
    0.002473625587299466,
    0.0024354474153369665,
    0.0024308578576892614,
    0.0024287193082273006,
    0.0024517495185136795,
    0.0024289924185723066
  ],
  "mae": [
    0.04429232329130173,
    0.039646413177251816,
    0.03858315572142601,
    0.03791608288884163,
    0.03710084781050682,
    0.0366886742413044,
    0.03621427342295647,
    0.035986244678497314,
    0.035730332136154175,
    0.034651223570108414,
    0.03442281112074852,
    0.034143779426813126,
    0.03396676853299141,
    0.03375967592000961,
    0.03366055339574814,
    0.03318645432591438,
    0.03304416686296463,
    0.03292570263147354,
    0.03271759673953056,
    0.0326676219701767,
    0.03254464268684387,
    0.032564643770456314,
    0.03238149732351303,
    0.032009001821279526,
    0.03197020664811134,
    0.031862396746873856,
    0.031754057854413986,
    0.031736988574266434,
    0.031487710773944855,
    0.03152155131101608,
    0.031488191336393356,
    0.03160027787089348,
    0.0314301997423172
  ],
  "mse": [
    0.004827837459743023,
    0.0039357650093734264,
    0.003751051612198353,
    0.0036269226111471653,
    0.003473678370937705,
    0.0034015129785984755,
    0.003315419191494584,
    0.003251787507906556,
    0.00321745197288692,
    0.0030404115095734596,
    0.0029958111699670553,
    0.002943514846265316,
    0.002905450062826276,
    0.0028616490308195353,
    0.002842905931174755,
    0.00275400816462934,
    0.0027244819793850183,
    0.002695020753890276,
    0.0026682785246521235,
    0.002658231882378459,
    0.0026193566154688597,
    0.0026223137974739075,
    0.0025935936719179153,
    0.0025393615942448378,
    0.002530402736738324,
    0.0024990334641188383,
    0.002484897617250681,
    0.002473625587299466,
    0.0024354474153369665,
    0.0024308578576892614,
    0.0024287193082273006,
    0.0024517495185136795,
    0.0024289924185723066
  ],
  "val_loss": [
    0.00384142785333097,
    0.003853201400488615,
    0.0035301451571285725,
    0.003401618916541338,
    0.003310694359242916,
    0.0033701928332448006,
    0.003650757484138012,
    0.0033599543385207653,
    0.00332825118675828,
    0.003190327202901244,
    0.00316409720107913,
    0.0031461860053241253,
    0.003090458922088146,
    0.0031750407069921494,
    0.0031835681293159723,
    0.0031604489777237177,
    0.003124451730400324,
    0.0030876470264047384,
    0.0030900302808731794,
    0.0031087524257600307,
    0.0031760218553245068,
    0.0031755235977470875,
    0.0031944543588906527,
    0.0031497895251959562,
    0.0031771932262927294,
    0.0031993165612220764,
    0.003179277991876006,
    0.0031739939004182816,
    0.003152952529489994,
    0.003161159111186862,
    0.0031539916526526213,
    0.0031633004546165466,
    0.0032078525982797146
  ],
  "val_mae": [
    0.04398643597960472,
    0.03894859924912453,
    0.039036400616168976,
    0.03830770403146744,
    0.03809830918908119,
    0.03851620852947235,
    0.04130367934703827,
    0.03965834155678749,
    0.03900160640478134,
    0.03698141127824783,
    0.03712038695812225,
    0.03672971576452255,
    0.036733776330947876,
    0.03851409628987312,
    0.037238579243421555,
    0.03696105256676674,
    0.036704808473587036,
    0.035661764442920685,
    0.03568727895617485,
    0.03659062087535858,
    0.03658987209200859,
    0.03740278258919716,
    0.03677395358681679,
    0.03776925802230835,
    0.037870217114686966,
    0.03816539794206619,
    0.03796910494565964,
    0.03758038207888603,
    0.03733154013752937,
    0.0377466157078743,
    0.037568122148513794,
    0.0377572700381279,
    0.03804370015859604
  ],
  "val_mse": [
    0.00384142785333097,
    0.003853201400488615,
    0.0035301451571285725,
    0.003401618916541338,
    0.003310694359242916,
    0.0033701928332448006,
    0.003650757484138012,
    0.0033599543385207653,
    0.00332825118675828,
    0.003190327202901244,
    0.00316409720107913,
    0.0031461860053241253,
    0.003090458922088146,
    0.0031750407069921494,
    0.0031835681293159723,
    0.0031604489777237177,
    0.003124451730400324,
    0.0030876470264047384,
    0.0030900302808731794,
    0.0031087524257600307,
    0.0031760218553245068,
    0.0031755235977470875,
    0.0031944543588906527,
    0.0031497895251959562,
    0.0031771932262927294,
    0.0031993165612220764,
    0.003179277991876006,
    0.0031739939004182816,
    0.003152952529489994,
    0.003161159111186862,
    0.0031539916526526213,
    0.0031633004546165466,
    0.0032078525982797146
  ],
  "learning_rate": [
    0.0010000000474974513,
    0.0010000000474974513,
    0.0010000000474974513,
    0.0010000000474974513,
    0.0010000000474974513,
    0.0010000000474974513,
    0.0010000000474974513,
    0.0010000000474974513,
    0.0010000000474974513,
    0.0005000000237487257,
    0.0005000000237487257,
    0.0005000000237487257,
    0.0005000000237487257,
    0.0005000000237487257,
    0.0005000000237487257,
    0.0002500000118743628,
    0.0002500000118743628,
    0.0002500000118743628,
    0.0002500000118743628,
    0.0002500000118743628,
    0.0002500000118743628,
    0.0002500000118743628,
    0.0002500000118743628,
    0.0001250000059371814,
    0.0001250000059371814,
    0.0001250000059371814,
    0.0001250000059371814,
    0.0001250000059371814,
    6.25000029685907e-05,
    6.25000029685907e-05,
    6.25000029685907e-05,
    6.25000029685907e-05,
    6.25000029685907e-05
  ]
}