{
  "loss": [
    0.005153580568730831,
    0.004050051793456078,
    0.0038414441514760256,
    0.0037553287111222744,
    0.0036160103045403957,
    0.0035098630469292402,
    0.003414243459701538,
    0.0033609275706112385,
    0.003322239499539137,
    0.003266954328864813,
    0.003247644519433379,
    0.0031895453575998545,
    0.0030391730833798647,
    0.00301384343765676,
    0.0029587610624730587,
    0.002941203536465764,
    0.002935674972832203,
    0.002810661680996418,
    0.0028019193559885025,
    0.0027898631524294615,
    0.0027680012863129377,
    0.0027641472406685352
  ],
  "mae": [
    0.04607223719358444,
    0.04067714139819145,
    0.039589013904333115,
    0.03907761350274086,
    0.038274869322776794,
    0.037767089903354645,
    0.03732585161924362,
    0.037040818482637405,
    0.036848049610853195,
    0.03651413321495056,
    0.03637155890464783,
    0.03608891740441322,
    0.035232413560152054,
    0.035047393292188644,
    0.03479865565896034,
    0.034707944840192795,
    0.0345555879175663,
    0.03404538333415985,
    0.033925462514162064,
    0.033932529389858246,
    0.03374314680695534,
    0.03376856818795204
  ],
  "mse": [
    0.005153580568730831,
    0.004050051793456078,
    0.0038414441514760256,
    0.0037553287111222744,
    0.0036160103045403957,
    0.0035098630469292402,
    0.003414243459701538,
    0.0033609275706112385,
    0.003322239499539137,
    0.003266954328864813,
    0.003247644519433379,
    0.0031895453575998545,
    0.0030391730833798647,
    0.00301384343765676,
    0.0029587610624730587,
    0.002941203536465764,
    0.002935674972832203,
    0.002810661680996418,
    0.0028019193559885025,
    0.0027898631524294615,
    0.0027680012863129377,
    0.0027641472406685352
  ],
  "val_loss": [
    0.004428022541105747,
    0.004512449260801077,
    0.004497498273849487,
    0.004201986361294985,
    0.0037713078781962395,
    0.0041199857369065285,
    0.003360456321388483,
    0.0037229370791465044,
    0.003606762969866395,
    0.0037288323510438204,
    0.0037280034739524126,
    0.003521607257425785,
    0.0036320555955171585,
    0.003556762356311083,
    0.003506697714328766,
    0.003677526256069541,
    0.0033917617984116077,
    0.0035518161021173,
    0.0035690381191670895,
    0.0036042819265276194,
    0.0034912938717752695,
    0.003690167795866728
  ],
  "val_mae": [
    0.04321606457233429,
    0.0411377027630806,
    0.04188615083694458,
    0.03966446593403816,
    0.0386744886636734,
    0.03926834836602211,
    0.03681908920407295,
    0.03820812702178955,
    0.036572445183992386,
    0.03856315463781357,
    0.03789942339062691,
    0.036512602120637894,
    0.03576723486185074,
    0.034589700400829315,
    0.03549773246049881,
    0.035509202629327774,
    0.03490452095866203,
    0.03529788553714752,
    0.03516785427927971,
    0.034738317131996155,
    0.03443802893161774,
    0.035120245069265366
  ],
  "val_mse": [
    0.004428022541105747,
    0.004512449260801077,
    0.004497498273849487,
    0.004201986361294985,
    0.0037713078781962395,
    0.0041199857369065285,
    0.003360456321388483,
    0.0037229370791465044,
    0.003606762969866395,
    0.0037288323510438204,
    0.0037280034739524126,
    0.003521607257425785,
    0.0036320555955171585,
    0.003556762356311083,
    0.003506697714328766,
    0.003677526256069541,
    0.0033917617984116077,
    0.0035518161021173,
    0.0035690381191670895,
    0.0036042819265276194,
    0.0034912938717752695,
    0.003690167795866728
  ],
  "learning_rate": [
    0.0010000000474974513,
    0.0010000000474974513,
    0.0010000000474974513,
    0.0010000000474974513,
    0.0010000000474974513,
    0.0010000000474974513,
    0.0010000000474974513,
    0.0010000000474974513,
    0.0010000000474974513,
    0.0010000000474974513,
    0.0010000000474974513,
    0.0010000000474974513,
    0.0005000000237487257,
    0.0005000000237487257,
    0.0005000000237487257,
    0.0005000000237487257,
    0.0005000000237487257,
    0.0002500000118743628,
    0.0002500000118743628,
    0.0002500000118743628,
    0.0002500000118743628,
    0.0002500000118743628
  ]
}