{
  "loss": [
    0.004576926585286856,
    0.0038913320749998093,
    0.0036994570400565863,
    0.003552920650690794,
    0.003450890304520726,
    0.003329924773424864,
    0.003285591257736087,
    0.0031928876414895058,
    0.0031648697331547737,
    0.003110467456281185,
    0.003075903747230768,
    0.0030542933382093906,
    0.003001393051818013,
    0.0029822769574820995,
    0.002940359292551875,
    0.00291444081813097,
    0.0028893647249788046,
    0.0028468482196331024,
    0.002835687715560198,
    0.00282006012275815,
    0.0027885111048817635,
    0.0027678378392010927
  ],
  "mae": [
    0.043136585503816605,
    0.039238378405570984,
    0.03823743388056755,
    0.03752054274082184,
    0.03686283901333809,
    0.03631989657878876,
    0.03600110858678818,
    0.035539619624614716,
    0.03536832332611084,
    0.03509509935975075,
    0.034915342926979065,
    0.034921467304229736,
    0.03466906398534775,
    0.03453586995601654,
    0.03438740596175194,
    0.03425786271691322,
    0.03409545123577118,
    0.033924445509910583,
    0.033851660788059235,
    0.033837806433439255,
    0.03368634358048439,
    0.033612824976444244
  ],
  "val_loss": [
    0.0036519004497677088,
    0.0035021912772208452,
    0.0033219594042748213,
    0.0031313044019043446,
    0.003129711840301752,
    0.003048109356313944,
    0.00301806116476655,
    0.0029256418347358704,
    0.0030855706427246332,
    0.003245975822210312,
    0.003110162913799286,
    0.003094895975664258,
    0.0030146038625389338,
    0.0029554672073572874,
    0.003159314626827836,
    0.0030150918755680323,
    0.0031172626186162233,
    0.003069428727030754,
    0.0030548134818673134,
    0.0031272012274712324,
    0.0030822285916656256,
    0.003064151154831052
  ],
  "val_mae": [
    0.03903862461447716,
    0.039293114095926285,
    0.03610900044441223,
    0.03364519029855728,
    0.036723557859659195,
    0.03570903092622757,
    0.03297876566648483,
    0.03334067016839981,
    0.0364348404109478,
    0.040218472480773926,
    0.037908732891082764,
    0.03785901889204979,
    0.036273639649152756,
    0.03457943722605705,
    0.038667310029268265,
    0.03590267896652222,
    0.03756934776902199,
    0.03685775026679039,
    0.03552952781319618,
    0.03715568035840988,
    0.03683869168162346,
    0.03579447790980339
  ]
}