{
  "loss": [
    0.0357271209359169,
    0.005358479451388121,
    0.0051299952901899815,
    0.004968738649040461,
    0.004771387204527855,
    0.004657814744859934,
    0.004605813883244991,
    0.0044382777996361256,
    0.00427793525159359,
    0.004199934657663107,
    0.004161882679909468,
    0.004026981070637703,
    0.0040238709188997746,
    0.003923995420336723,
    0.003880270989611745,
    0.0038719759322702885,
    0.00377778522670269,
    0.0036612243857234716,
    0.0036346374545246363,
    0.00359646650031209,
    0.003618866903707385,
    0.0034884579945355654,
    0.003441290697082877,
    0.0034864081535488367,
    0.0034182402305305004,
    0.003380747511982918,
    0.003360644681379199,
    0.003324325894936919,
    0.003302111988887191,
    0.0032870150171220303
  ],
  "mae": [
    0.0817691832780838,
    0.04914390668272972,
    0.047436557710170746,
    0.04614044353365898,
    0.045396361500024796,
    0.0445147305727005,
    0.04406755045056343,
    0.043214213103055954,
    0.042572326958179474,
    0.04191390052437782,
    0.041554730385541916,
    0.04107680544257164,
    0.040998976677656174,
    0.04055842384696007,
    0.04028312489390373,
    0.040196310728788376,
    0.04000202938914299,
    0.03945153206586838,
    0.0393378920853138,
    0.039309971034526825,
    0.03928280249238014,
    0.038635414093732834,
    0.03831839933991432,
    0.03863639384508133,
    0.03841523081064224,
    0.03829280287027359,
    0.038162097334861755,
    0.0379827544093132,
    0.0380069836974144,
    0.037867479026317596
  ],
  "val_loss": [
    0.004529214464128017,
    0.004464704543352127,
    0.0041607338935136795,
    0.004351101350039244,
    0.004046400543302298,
    0.005259913392364979,
    0.004183125216513872,
    0.0037708154413849115,
    0.0035036567132920027,
    0.0035739936865866184,
    0.003498238977044821,
    0.0032557237427681684,
    0.003366722259670496,
    0.003500112099573016,
    0.003236593445762992,
    0.003410174511373043,
    0.0035478738136589527,
    0.0038519701920449734,
    0.003648141399025917,
    0.0037263622507452965,
    0.0037243536207824945,
    0.0034785978496074677,
    0.0037666568532586098,
    0.0036380398087203503,
    0.0036543612368404865,
    0.0037123337388038635,
    0.0035719526931643486,
    0.003907313570380211,
    0.0037959658075124025,
    0.0038834121078252792
  ],
  "val_mae": [
    0.044670477509498596,
    0.044038210064172745,
    0.04208286106586456,
    0.04291791096329689,
    0.0423613116145134,
    0.0478481762111187,
    0.04217342287302017,
    0.040281206369400024,
    0.03910701349377632,
    0.038230378180742264,
    0.03839457407593727,
    0.03908209875226021,
    0.039083465933799744,
    0.0392887108027935,
    0.03775481879711151,
    0.03836727887392044,
    0.038518134504556656,
    0.03975341469049454,
    0.039716821163892746,
    0.03972567990422249,
    0.040130507200956345,
    0.03864365443587303,
    0.04014997556805611,
    0.039976246654987335,
    0.03985527157783508,
    0.03986896947026253,
    0.038704849779605865,
    0.041101377457380295,
    0.04043716937303543,
    0.04073300212621689
  ]
}