{
  "model_name": "S-CNN-LSTM",
  "val_loss": 0.0027417391538619995,
  "val_mae": 0.03082258626818657,
  "val_mse": 0.0027417391538619995,
  "test_loss": 0.0025865419302135706,
  "test_mae": 0.03129648417234421,
  "test_mse": 0.0025865419302135706,
  "params": 168065,
  "epochs_trained": 38
}