{
  "loss": [
    0.004510062281042337,
    0.003809350309893489,
    0.003645882708951831,
    0.003499949350953102,
    0.0033607534132897854,
    0.003290974535048008,
    0.003209346206858754,
    0.003163654822856188,
    0.0030898533295840025,
    0.003064251970499754,
    0.003032862674444914,
    0.002997879171743989,
    0.002968914806842804,
    0.002819836139678955,
    0.0027478747069835663,
    0.002754879416897893,
    0.0027330052107572556,
    0.0027003649156540632,
    0.002616211539134383,
    0.0025608425494283438,
    0.0025667748413980007,
    0.0025476659648120403,
    0.0025264208670705557,
    0.0024720479268580675,
    0.002471126150339842,
    0.0024415068328380585,
    0.0024588205851614475,
    0.0024263791274279356,
    0.002393019385635853,
    0.0023969728499650955,
    0.002389475703239441,
    0.0023753847926855087,
    0.002359194913879037,
    0.0023443775717169046,
    0.0023537578526884317,
    0.0023432776797562838,
    0.002341420855373144,
    0.002329360693693161
  ],
  "mae": [
    0.04253462329506874,
    0.03877701237797737,
    0.037857864052057266,
    0.03716953843832016,
    0.03629141300916672,
    0.03595969080924988,
    0.035493701696395874,
    0.03526951000094414,
    0.03488694131374359,
    0.034687891602516174,
    0.034547969698905945,
    0.034397874027490616,
    0.03424505889415741,
    0.03327902778983116,
    0.03298991546034813,
    0.032917823642492294,
    0.032822463661432266,
    0.03270908445119858,
    0.03204734995961189,
    0.031745441257953644,
    0.031860820949077606,
    0.03179697319865227,
    0.0316397100687027,
    0.03137191757559776,
    0.03134233132004738,
    0.031180966645479202,
    0.03124445676803589,
    0.031140124425292015,
    0.0309177003800869,
    0.0309318657964468,
    0.03088177554309368,
    0.03080800361931324,
    0.030776916071772575,
    0.030621694400906563,
    0.030635489150881767,
    0.03065192885696888,
    0.03060651384294033,
    0.030664507299661636
  ],
  "mse": [
    0.004510062281042337,
    0.003809350309893489,
    0.003645882708951831,
    0.003499949350953102,
    0.0033607534132897854,
    0.003290974535048008,
    0.003209346206858754,
    0.003163654822856188,
    0.0030898533295840025,
    0.003064251970499754,
    0.003032862674444914,
    0.002997879171743989,
    0.002968914806842804,
    0.002819836139678955,
    0.0027478747069835663,
    0.002754879416897893,
    0.0027330052107572556,
    0.0027003649156540632,
    0.002616211539134383,
    0.0025608425494283438,
    0.0025667748413980007,
    0.0025476659648120403,
    0.0025264208670705557,
    0.0024720479268580675,
    0.002471126150339842,
    0.0024415068328380585,
    0.0024588205851614475,
    0.0024263791274279356,
    0.002393019385635853,
    0.0023969728499650955,
    0.002389475703239441,
    0.0023753847926855087,
    0.002359194913879037,
    0.0023443775717169046,
    0.0023537578526884317,
    0.0023432776797562838,
    0.002341420855373144,
    0.002329360693693161
  ],
  "val_loss": [
    0.0036335571203380823,
    0.003405784722417593,
    0.0033064717426896095,
    0.003057342953979969,
    0.0029908446595072746,
    0.0029223754536360502,
    0.002943767700344324,
    0.0028203222900629044,
    0.0028003703337162733,
    0.002872422570362687,
    0.002798686269670725,
    0.002829319564625621,
    0.003012303030118346,
    0.0028322807047516108,
    0.0027633504942059517,
    0.0027714113239198923,
    0.0028308643959462643,
    0.0027715545147657394,
    0.0027438660617917776,
    0.002760600298643112,
    0.0027565208729356527,
    0.0027730537112802267,
    0.0027417379897087812,
    0.0027779685333371162,
    0.0027930194046348333,
    0.0028042844496667385,
    0.0027943269815295935,
    0.002805928699672222,
    0.0028040295001119375,
    0.002804603660479188,
    0.002816254273056984,
    0.002809456316754222,
    0.0028116395696997643,
    0.0028165262192487717,
    0.0028188927099108696,
    0.0028174191247671843,
    0.002821672009304166,
    0.0028210855089128017
  ],
  "val_mae": [
    0.03928510472178459,
    0.03615358844399452,
    0.03661441430449486,
    0.033923789858818054,
    0.034300368279218674,
    0.03354020416736603,
    0.03307049348950386,
    0.03296535462141037,
    0.03287544101476669,
    0.03457324951887131,
    0.032700035721063614,
    0.03354769945144653,
    0.03771345317363739,
    0.03496408089995384,
    0.03270435705780983,
    0.032456737011671066,
    0.034120094031095505,
    0.03283839300274849,
    0.03110671602189541,
    0.03168775513768196,
    0.031718865036964417,
    0.032080985605716705,
    0.030822597444057465,
    0.03209821134805679,
    0.032510340213775635,
    0.03264234960079193,
    0.03189912438392639,
    0.0320749431848526,
    0.032224640250205994,
    0.0321686677634716,
    0.03212731331586838,
    0.03220096603035927,
    0.03199459984898567,
    0.03244461119174957,
    0.032413385808467865,
    0.03216385841369629,
    0.03224533423781395,
    0.0320257805287838
  ],
  "val_mse": [
    0.0036335571203380823,
    0.003405784722417593,
    0.0033064717426896095,
    0.003057342953979969,
    0.0029908446595072746,
    0.0029223754536360502,
    0.002943767700344324,
    0.0028203222900629044,
    0.0028003703337162733,
    0.002872422570362687,
    0.002798686269670725,
    0.002829319564625621,
    0.003012303030118346,
    0.0028322807047516108,
    0.0027633504942059517,
    0.0027714113239198923,
    0.0028308643959462643,
    0.0027715545147657394,
    0.0027438660617917776,
    0.002760600298643112,
    0.0027565208729356527,
    0.0027730537112802267,
    0.0027417379897087812,
    0.0027779685333371162,
    0.0027930194046348333,
    0.0028042844496667385,
    0.0027943269815295935,
    0.002805928699672222,
    0.0028040295001119375,
    0.002804603660479188,
    0.002816254273056984,
    0.002809456316754222,
    0.0028116395696997643,
    0.0028165262192487717,
    0.0028188927099108696,
    0.0028174191247671843,
    0.002821672009304166,
    0.0028210855089128017
  ],
  "learning_rate": [
    0.0010000000474974513,
    0.0010000000474974513,
    0.0010000000474974513,
    0.0010000000474974513,
    0.0010000000474974513,
    0.0010000000474974513,
    0.0010000000474974513,
    0.0010000000474974513,
    0.0010000000474974513,
    0.0010000000474974513,
    0.0010000000474974513,
    0.0010000000474974513,
    0.0010000000474974513,
    0.0005000000237487257,
    0.0005000000237487257,
    0.0005000000237487257,
    0.0005000000237487257,
    0.0005000000237487257,
    0.0002500000118743628,
    0.0002500000118743628,
    0.0002500000118743628,
    0.0002500000118743628,
    0.0002500000118743628,
    0.0001250000059371814,
    0.0001250000059371814,
    0.0001250000059371814,
    0.0001250000059371814,
    0.0001250000059371814,
    6.25000029685907e-05,
    6.25000029685907e-05,
    6.25000029685907e-05,
    6.25000029685907e-05,
    6.25000029685907e-05,
    3.125000148429535e-05,
    3.125000148429535e-05,
    3.125000148429535e-05,
    3.125000148429535e-05,
    3.125000148429535e-05
  ]
}