{
  "model_name": "S-CNN-LSTM-Att",
  "val_loss": 0.002723051467910409,
  "val_mae": 0.029874321073293686,
  "val_mse": 0.002723051467910409,
  "test_loss": 0.002494222018867731,
  "test_mae": 0.029918247833848,
  "test_mse": 0.002494222018867731,
  "params": 184577,
  "epochs_trained": 37
}