{
  "loss": [
    0.0051713199354708195,
    0.003937465604394674,
    0.003824602346867323,
    0.003672927850857377,
    0.0035866142716258764,
    0.003472402924671769,
    0.0033692659344524145,
    0.003299516858533025,
    0.0032324292697012424,
    0.0031658937223255634,
    0.00313669815659523,
    0.0030836290679872036,
    0.0030678585171699524,
    0.003048360114917159,
    0.0028967743273824453,
    0.002851911587640643,
    0.002829353092238307,
    0.002819904824718833,
    0.002802750561386347,
    0.0027889369521290064,
    0.002698863623663783,
    0.002674044808372855,
    0.00265784515067935,
    0.0026333294808864594,
    0.002626321278512478,
    0.002568409312516451,
    0.0025606004055589437,
    0.0025808196514844894,
    0.0025619452353566885,
    0.0025497330352663994,
    0.0025097213219851255,
    0.0024939230643212795,
    0.002509665908291936,
    0.0025046318769454956,
    0.002508455188944936,
    0.0024875458329916,
    0.00246416381560266
  ],
  "mae": [
    0.045971523970365524,
    0.03966812416911125,
    0.0389317162334919,
    0.0381658710539341,
    0.03761690855026245,
    0.03701144456863403,
    0.036413032561540604,
    0.035922810435295105,
    0.03554528206586838,
    0.0351618267595768,
    0.034979935735464096,
    0.034689728170633316,
    0.034659918397665024,
    0.034469928592443466,
    0.03354674577713013,
    0.033327095210552216,
    0.03314885124564171,
    0.03312324732542038,
    0.033076636493206024,
    0.032963987439870834,
    0.03236507624387741,
    0.03220038115978241,
    0.03212100639939308,
    0.03202803060412407,
    0.032031118869781494,
    0.03166729211807251,
    0.03157087787985802,
    0.03167131170630455,
    0.03164144232869148,
    0.03160107135772705,
    0.03139157593250275,
    0.03126838803291321,
    0.031303320080041885,
    0.03131408244371414,
    0.03133932873606682,
    0.03128652274608612,
    0.03112162835896015
  ],
  "mse": [
    0.0051713199354708195,
    0.003937465604394674,
    0.003824602346867323,
    0.003672927850857377,
    0.0035866142716258764,
    0.003472402924671769,
    0.0033692659344524145,
    0.003299516858533025,
    0.0032324292697012424,
    0.0031658937223255634,
    0.00313669815659523,
    0.0030836290679872036,
    0.0030678585171699524,
    0.003048360114917159,
    0.0028967743273824453,
    0.002851911587640643,
    0.002829353092238307,
    0.002819904824718833,
    0.002802750561386347,
    0.0027889369521290064,
    0.002698863623663783,
    0.002674044808372855,
    0.00265784515067935,
    0.0026333294808864594,
    0.002626321278512478,
    0.002568409312516451,
    0.0025606004055589437,
    0.0025808196514844894,
    0.0025619452353566885,
    0.0025497330352663994,
    0.0025097213219851255,
    0.0024939230643212795,
    0.002509665908291936,
    0.0025046318769454956,
    0.002508455188944936,
    0.0024875458329916,
    0.00246416381560266
  ],
  "val_loss": [
    0.0036193791311234236,
    0.0035855532623827457,
    0.003422539448365569,
    0.0034247622825205326,
    0.0033901198767125607,
    0.0030436282977461815,
    0.0029571375343948603,
    0.0029688035137951374,
    0.0029139926191419363,
    0.002958301454782486,
    0.002863186178728938,
    0.002962795551866293,
    0.002958868397399783,
    0.0029311298858374357,
    0.002810537815093994,
    0.0028175716288387775,
    0.0027823885902762413,
    0.0028043424244970083,
    0.002833578735589981,
    0.0027675670571625233,
    0.002760859439149499,
    0.0027230512350797653,
    0.002800800371915102,
    0.002778806257992983,
    0.0028208859730511904,
    0.00279667298309505,
    0.0027752844616770744,
    0.002794981002807617,
    0.0027953055687248707,
    0.0027992213144898415,
    0.002780602779239416,
    0.0028086178936064243,
    0.0028114302549511194,
    0.0028048353269696236,
    0.0027915367390960455,
    0.0027749473229050636,
    0.0027736639603972435
  ],
  "val_mae": [
    0.03781183809041977,
    0.0372745655477047,
    0.03561488911509514,
    0.03474776819348335,
    0.034257419407367706,
    0.033184293657541275,
    0.032585956156253815,
    0.03213856369256973,
    0.03292018920183182,
    0.03193935379385948,
    0.03301205113530159,
    0.032471757382154465,
    0.03174541890621185,
    0.032098881900310516,
    0.03221239522099495,
    0.03271782398223877,
    0.03220916911959648,
    0.03344520553946495,
    0.03352095186710358,
    0.03199150040745735,
    0.030927559360861778,
    0.029874324798583984,
    0.03020196221768856,
    0.030318720266222954,
    0.03011620230972767,
    0.03173866495490074,
    0.031790781766176224,
    0.031963661313056946,
    0.03126088157296181,
    0.03171732649207115,
    0.03146528825163841,
    0.03175277262926102,
    0.031668055802583694,
    0.03198797255754471,
    0.03171498328447342,
    0.03147703781723976,
    0.03151421993970871
  ],
  "val_mse": [
    0.0036193791311234236,
    0.0035855532623827457,
    0.003422539448365569,
    0.0034247622825205326,
    0.0033901198767125607,
    0.0030436282977461815,
    0.0029571375343948603,
    0.0029688035137951374,
    0.0029139926191419363,
    0.002958301454782486,
    0.002863186178728938,
    0.002962795551866293,
    0.002958868397399783,
    0.0029311298858374357,
    0.002810537815093994,
    0.0028175716288387775,
    0.0027823885902762413,
    0.0028043424244970083,
    0.002833578735589981,
    0.0027675670571625233,
    0.002760859439149499,
    0.0027230512350797653,
    0.002800800371915102,
    0.002778806257992983,
    0.0028208859730511904,
    0.00279667298309505,
    0.0027752844616770744,
    0.002794981002807617,
    0.0027953055687248707,
    0.0027992213144898415,
    0.002780602779239416,
    0.0028086178936064243,
    0.0028114302549511194,
    0.0028048353269696236,
    0.0027915367390960455,
    0.0027749473229050636,
    0.0027736639603972435
  ],
  "learning_rate": [
    0.0010000000474974513,
    0.0010000000474974513,
    0.0010000000474974513,
    0.0010000000474974513,
    0.0010000000474974513,
    0.0010000000474974513,
    0.0010000000474974513,
    0.0010000000474974513,
    0.0010000000474974513,
    0.0010000000474974513,
    0.0010000000474974513,
    0.0010000000474974513,
    0.0010000000474974513,
    0.0010000000474974513,
    0.0005000000237487257,
    0.0005000000237487257,
    0.0005000000237487257,
    0.0005000000237487257,
    0.0005000000237487257,
    0.0005000000237487257,
    0.0002500000118743628,
    0.0002500000118743628,
    0.0002500000118743628,
    0.0002500000118743628,
    0.0002500000118743628,
    0.0001250000059371814,
    0.0001250000059371814,
    0.0001250000059371814,
    0.0001250000059371814,
    0.0001250000059371814,
    6.25000029685907e-05,
    6.25000029685907e-05,
    6.25000029685907e-05,
    6.25000029685907e-05,
    6.25000029685907e-05,
    3.125000148429535e-05,
    3.125000148429535e-05
  ]
}