model,mae,rmse,mse,mape
串联CNN-LSTM-Attention,0.029222257468916893,0.051251454310458903,0.0026267115689370566,31.608528137223534
串联CNN-LSTM（基线）,0.030886456782625863,0.05061352955769776,0.002561729374287945,37.698192580684584
并行CNN-LSTM-Attention（本文）,0.034869036252949286,0.05514203578845532,0.003040644110895287,44.03093106373227
